7.812500000000000000e-03	7.812500000000000000e-03	1.562500000000000000e-02	0.000000000000000000e+00	0.000000000000000000e+00	0.000000000000000000e+00	0.000000000000000000e+00	7.812500000000000000e-03	0.000000000000000000e+00	0.000000000000000000e+00	7.812500000000000000e-03	0.000000000000000000e+00	1.562500000000000000e-02	1.562500000000000000e-02	7.812500000000000000e-03	7.812500000000000000e-03	7.812500000000000000e-03	0.000000000000000000e+00	0.000000000000000000e+00	2.343750000000000000e-02	0.000000000000000000e+00	0.000000000000000000e+00	7.812500000000000000e-03	0.000000000000000000e+00	0.000000000000000000e+00	1.953125000000000000e-01	0.000000000000000000e+00	1.562500000000000000e-02	0.000000000000000000e+00	0.000000000000000000e+00	1.484375000000000000e-01	1.406250000000000000e-01	0.000000000000000000e+00	2.343750000000000000e-02	0.000000000000000000e+00	0.000000000000000000e+00	7.812500000000000000e-03	7.812500000000000000e-03	0.000000000000000000e+00	0.000000000000000000e+00	0.000000000000000000e+00	7.812500000000000000e-03	7.812500000000000000e-03	7.812500000000000000e-03	5.468750000000000000e-02	0.000000000000000000e+00	0.000000000000000000e+00	7.812500000000000000e-03	7.812500000000000000e-03	0.000000000000000000e+00	0.000000000000000000e+00	0.000000000000000000e+00	1.562500000000000000e-02	2.343750000000000000e-02	0.000000000000000000e+00	7.812500000000000000e-03	0.000000000000000000e+00	0.000000000000000000e+00	4.687500000000000000e-02	1.171875000000000000e-01	0.000000000000000000e+00	0.000000000000000000e+00	0.000000000000000000e+00	7.812500000000000000e-03	7.812500000000000000e-03	0.000000000000000000e+00	7.812500000000000000e-03	0.000000000000000000e+00	0.000000000000000000e+00	0.000000000000000000e+00	0.000000000000000000e+00	0.000000000000000000e+00	0.000000000000000000e+00	0.000000000000000000e+00	0.000000000000000000e+00
1.265822784810126563e-02	1.265822784810126563e-02	0.000000000000000000e+00	0.000000000000000000e+00	0.000000000000000000e+00	0.000000000000000000e+00	3.797468354430379861e-02	1.265822784810126563e-02	0.000000000000000000e+00	0.000000000000000000e+00	0.000000000000000000e+00	0.000000000000000000e+00	2.531645569620253125e-02	1.265822784810126563e-02	0.000000000000000000e+00	0.000000000000000000e+00	0.000000000000000000e+00	0.000000000000000000e+00	0.000000000000000000e+00	0.000000000000000000e+00	0.000000000000000000e+00	0.000000000000000000e+00	2.531645569620253125e-02	0.000000000000000000e+00	0.000000000000000000e+00	1.898734177215189722e-01	0.000000000000000000e+00	0.000000000000000000e+00	2.531645569620253125e-02	0.000000000000000000e+00	1.898734177215189722e-01	1.898734177215189722e-01	0.000000000000000000e+00	0.000000000000000000e+00	0.000000000000000000e+00	0.000000000000000000e+00	0.000000000000000000e+00	0.000000000000000000e+00	1.265822784810126563e-02	0.000000000000000000e+00	0.000000000000000000e+00	0.000000000000000000e+00	0.000000000000000000e+00	0.000000000000000000e+00	6.329113924050633333e-02	0.000000000000000000e+00	0.000000000000000000e+00	0.000000000000000000e+00	0.000000000000000000e+00	0.000000000000000000e+00	0.000000000000000000e+00	0.000000000000000000e+00	0.000000000000000000e+00	1.265822784810126563e-02	0.000000000000000000e+00	0.000000000000000000e+00	0.000000000000000000e+00	0.000000000000000000e+00	0.000000000000000000e+00	1.265822784810126667e-01	0.000000000000000000e+00	0.000000000000000000e+00	1.265822784810126563e-02	0.000000000000000000e+00	0.000000000000000000e+00	0.000000000000000000e+00	1.265822784810126563e-02	1.265822784810126563e-02	0.000000000000000000e+00	0.000000000000000000e+00	0.000000000000000000e+00	1.265822784810126563e-02	0.000000000000000000e+00	0.000000000000000000e+00	0.000000000000000000e+00
0.000000000000000000e+00	0.000000000000000000e+00	1.086956521739130405e-02	0.000000000000000000e+00	0.000000000000000000e+00	0.000000000000000000e+00	0.000000000000000000e+00	0.000000000000000000e+00	0.000000000000000000e+00	0.000000000000000000e+00	0.000000000000000000e+00	0.000000000000000000e+00	0.000000000000000000e+00	0.000000000000000000e+00	0.000000000000000000e+00	0.000000000000000000e+00	0.000000000000000000e+00	0.000000000000000000e+00	0.000000000000000000e+00	0.000000000000000000e+00	1.086956521739130405e-02	1.086956521739130405e-02	0.000000000000000000e+00	0.000000000000000000e+00	2.173913043478260809e-02	1.956521739130434590e-01	0.000000000000000000e+00	0.000000000000000000e+00	2.173913043478260809e-02	1.086956521739130405e-02	9.782608695652172948e-02	1.630434782608695676e-01	0.000000000000000000e+00	1.086956521739130405e-02	0.000000000000000000e+00	1.086956521739130405e-02	0.000000000000000000e+00	1.086956521739130405e-02	2.173913043478260809e-02	0.000000000000000000e+00	1.086956521739130405e-02	1.086956521739130405e-02	0.000000000000000000e+00	0.000000000000000000e+00	6.521739130434782428e-02	1.086956521739130405e-02	0.000000000000000000e+00	0.000000000000000000e+00	0.000000000000000000e+00	2.173913043478260809e-02	0.000000000000000000e+00	0.000000000000000000e+00	0.000000000000000000e+00	3.260869565217391214e-02	0.000000000000000000e+00	0.000000000000000000e+00	0.000000000000000000e+00	0.000000000000000000e+00	4.347826086956521618e-02	1.195652173913043514e-01	0.000000000000000000e+00	0.000000000000000000e+00	0.000000000000000000e+00	2.173913043478260809e-02	0.000000000000000000e+00	0.000000000000000000e+00	1.086956521739130405e-02	0.000000000000000000e+00	0.000000000000000000e+00	0.000000000000000000e+00	0.000000000000000000e+00	2.173913043478260809e-02	3.260869565217391214e-02	0.000000000000000000e+00	0.000000000000000000e+00
9.259259259259258745e-03	1.851851851851851749e-02	3.703703703703703498e-02	0.000000000000000000e+00	0.000000000000000000e+00	9.259259259259258745e-03	9.259259259259258745e-03	0.000000000000000000e+00	9.259259259259258745e-03	1.851851851851851749e-02	1.851851851851851749e-02	0.000000000000000000e+00	3.703703703703703498e-02	3.703703703703703498e-02	0.000000000000000000e+00	0.000000000000000000e+00	0.000000000000000000e+00	0.000000000000000000e+00	1.851851851851851749e-02	0.000000000000000000e+00	0.000000000000000000e+00	9.259259259259258745e-03	0.000000000000000000e+00	0.000000000000000000e+00	9.259259259259258745e-03	1.666666666666666574e-01	0.000000000000000000e+00	0.000000000000000000e+00	0.000000000000000000e+00	9.259259259259258745e-03	8.333333333333332871e-02	1.111111111111111049e-01	4.629629629629629373e-02	2.777777777777777624e-02	9.259259259259258745e-03	0.000000000000000000e+00	0.000000000000000000e+00	0.000000000000000000e+00	0.000000000000000000e+00	9.259259259259258745e-03	0.000000000000000000e+00	0.000000000000000000e+00	0.000000000000000000e+00	1.851851851851851749e-02	3.703703703703703498e-02	9.259259259259258745e-03	0.000000000000000000e+00	0.000000000000000000e+00	0.000000000000000000e+00	0.000000000000000000e+00	0.000000000000000000e+00	0.000000000000000000e+00	9.259259259259258745e-03	0.000000000000000000e+00	0.000000000000000000e+00	9.259259259259258745e-03	0.000000000000000000e+00	0.000000000000000000e+00	1.851851851851851749e-02	1.388888888888888951e-01	0.000000000000000000e+00	0.000000000000000000e+00	0.000000000000000000e+00	0.000000000000000000e+00	9.259259259259258745e-03	0.000000000000000000e+00	9.259259259259258745e-03	0.000000000000000000e+00	0.000000000000000000e+00	9.259259259259258745e-03	0.000000000000000000e+00	2.777777777777777624e-02	0.000000000000000000e+00	0.000000000000000000e+00	0.000000000000000000e+00
5.235602094240838014e-03	0.000000000000000000e+00	1.047120418848167603e-02	0.000000000000000000e+00	2.617801047120418834e-02	1.047120418848167603e-02	5.235602094240838014e-03	1.570680628272251578e-02	0.000000000000000000e+00	0.000000000000000000e+00	1.047120418848167603e-02	0.000000000000000000e+00	5.235602094240838014e-03	5.235602094240838014e-03	0.000000000000000000e+00	0.000000000000000000e+00	5.235602094240838014e-03	0.000000000000000000e+00	5.235602094240838014e-03	0.000000000000000000e+00	0.000000000000000000e+00	1.570680628272251578e-02	3.664921465968586783e-02	0.000000000000000000e+00	0.000000000000000000e+00	2.094240837696335067e-01	4.712041884816754039e-02	0.000000000000000000e+00	0.000000000000000000e+00	0.000000000000000000e+00	1.727748691099476597e-01	1.308900523560209417e-01	0.000000000000000000e+00	0.000000000000000000e+00	0.000000000000000000e+00	0.000000000000000000e+00	0.000000000000000000e+00	5.235602094240838014e-03	0.000000000000000000e+00	0.000000000000000000e+00	5.235602094240838014e-03	0.000000000000000000e+00	0.000000000000000000e+00	1.570680628272251578e-02	2.617801047120418834e-02	1.570680628272251578e-02	0.000000000000000000e+00	5.235602094240838014e-03	0.000000000000000000e+00	0.000000000000000000e+00	5.235602094240838014e-03	0.000000000000000000e+00	5.235602094240838014e-03	2.094240837696335206e-02	0.000000000000000000e+00	0.000000000000000000e+00	0.000000000000000000e+00	0.000000000000000000e+00	3.664921465968586783e-02	7.853403141361256501e-02	5.235602094240838014e-03	0.000000000000000000e+00	0.000000000000000000e+00	0.000000000000000000e+00	1.047120418848167603e-02	0.000000000000000000e+00	5.235602094240838014e-03	1.570680628272251578e-02	5.235602094240838014e-03	2.094240837696335206e-02	0.000000000000000000e+00	0.000000000000000000e+00	0.000000000000000000e+00	0.000000000000000000e+00	0.000000000000000000e+00
6.849315068493150305e-03	0.000000000000000000e+00	6.849315068493150305e-03	0.000000000000000000e+00	6.849315068493150305e-03	0.000000000000000000e+00	0.000000000000000000e+00	0.000000000000000000e+00	6.849315068493150305e-03	0.000000000000000000e+00	6.849315068493150305e-03	0.000000000000000000e+00	0.000000000000000000e+00	0.000000000000000000e+00	0.000000000000000000e+00	0.000000000000000000e+00	0.000000000000000000e+00	0.000000000000000000e+00	0.000000000000000000e+00	0.000000000000000000e+00	0.000000000000000000e+00	0.000000000000000000e+00	0.000000000000000000e+00	0.000000000000000000e+00	0.000000000000000000e+00	1.369863013698630061e-01	0.000000000000000000e+00	0.000000000000000000e+00	0.000000000000000000e+00	1.369863013698630061e-02	7.534246575342465335e-02	1.780821917808219079e-01	6.849315068493150305e-03	2.054794520547945091e-02	0.000000000000000000e+00	6.849315068493150305e-03	0.000000000000000000e+00	6.849315068493150305e-03	0.000000000000000000e+00	6.849315068493150305e-03	6.849315068493150305e-03	0.000000000000000000e+00	0.000000000000000000e+00	6.849315068493150305e-03	4.794520547945205213e-02	2.054794520547945091e-02	1.369863013698630061e-02	0.000000000000000000e+00	0.000000000000000000e+00	0.000000000000000000e+00	0.000000000000000000e+00	6.849315068493150305e-03	0.000000000000000000e+00	3.424657534246575152e-02	6.849315068493150305e-03	6.849315068493150305e-03	6.849315068493150305e-03	0.000000000000000000e+00	8.219178082191780366e-02	2.123287671232876594e-01	6.849315068493150305e-03	0.000000000000000000e+00	0.000000000000000000e+00	6.849315068493150305e-03	0.000000000000000000e+00	0.000000000000000000e+00	0.000000000000000000e+00	4.109589041095890183e-02	0.000000000000000000e+00	6.849315068493150305e-03	0.000000000000000000e+00	0.000000000000000000e+00	0.000000000000000000e+00	0.000000000000000000e+00	0.000000000000000000e+00
1.612903225806451568e-02	3.225806451612903136e-02	3.225806451612903136e-02	0.000000000000000000e+00	0.000000000000000000e+00	0.000000000000000000e+00	1.612903225806451568e-02	0.000000000000000000e+00	0.000000000000000000e+00	0.000000000000000000e+00	0.000000000000000000e+00	0.000000000000000000e+00	4.838709677419354704e-02	1.612903225806451568e-02	0.000000000000000000e+00	0.000000000000000000e+00	0.000000000000000000e+00	3.225806451612903136e-02	0.000000000000000000e+00	0.000000000000000000e+00	0.000000000000000000e+00	0.000000000000000000e+00	0.000000000000000000e+00	0.000000000000000000e+00	1.612903225806451568e-02	1.290322580645161255e-01	0.000000000000000000e+00	0.000000000000000000e+00	0.000000000000000000e+00	0.000000000000000000e+00	1.129032258064516098e-01	1.612903225806451568e-01	1.612903225806451568e-02	3.225806451612903136e-02	0.000000000000000000e+00	0.000000000000000000e+00	0.000000000000000000e+00	0.000000000000000000e+00	0.000000000000000000e+00	0.000000000000000000e+00	0.000000000000000000e+00	0.000000000000000000e+00	0.000000000000000000e+00	0.000000000000000000e+00	3.225806451612903136e-02	0.000000000000000000e+00	0.000000000000000000e+00	0.000000000000000000e+00	0.000000000000000000e+00	0.000000000000000000e+00	1.612903225806451568e-02	0.000000000000000000e+00	0.000000000000000000e+00	3.225806451612903136e-02	0.000000000000000000e+00	0.000000000000000000e+00	0.000000000000000000e+00	0.000000000000000000e+00	6.451612903225806273e-02	1.290322580645161255e-01	0.000000000000000000e+00	0.000000000000000000e+00	0.000000000000000000e+00	0.000000000000000000e+00	0.000000000000000000e+00	0.000000000000000000e+00	0.000000000000000000e+00	3.225806451612903136e-02	0.000000000000000000e+00	0.000000000000000000e+00	0.000000000000000000e+00	3.225806451612903136e-02	0.000000000000000000e+00	0.000000000000000000e+00	0.000000000000000000e+00
2.631578947368420907e-02	0.000000000000000000e+00	0.000000000000000000e+00	0.000000000000000000e+00	0.000000000000000000e+00	0.000000000000000000e+00	2.631578947368420907e-02	2.631578947368420907e-02	0.000000000000000000e+00	0.000000000000000000e+00	2.631578947368420907e-02	0.000000000000000000e+00	0.000000000000000000e+00	5.263157894736841813e-02	0.000000000000000000e+00	0.000000000000000000e+00	0.000000000000000000e+00	0.000000000000000000e+00	2.631578947368420907e-02	0.000000000000000000e+00	2.631578947368420907e-02	0.000000000000000000e+00	0.000000000000000000e+00	0.000000000000000000e+00	0.000000000000000000e+00	2.105263157894736725e-01	0.000000000000000000e+00	0.000000000000000000e+00	0.000000000000000000e+00	0.000000000000000000e+00	1.052631578947368363e-01	1.578947368421052544e-01	0.000000000000000000e+00	0.000000000000000000e+00	0.000000000000000000e+00	2.631578947368420907e-02	2.631578947368420907e-02	0.000000000000000000e+00	0.000000000000000000e+00	0.000000000000000000e+00	0.000000000000000000e+00	0.000000000000000000e+00	0.000000000000000000e+00	0.000000000000000000e+00	2.631578947368420907e-02	0.000000000000000000e+00	0.000000000000000000e+00	0.000000000000000000e+00	0.000000000000000000e+00	0.000000000000000000e+00	0.000000000000000000e+00	0.000000000000000000e+00	0.000000000000000000e+00	2.631578947368420907e-02	0.000000000000000000e+00	0.000000000000000000e+00	0.000000000000000000e+00	0.000000000000000000e+00	2.631578947368420907e-02	5.263157894736841813e-02	2.631578947368420907e-02	0.000000000000000000e+00	0.000000000000000000e+00	0.000000000000000000e+00	0.000000000000000000e+00	0.000000000000000000e+00	2.631578947368420907e-02	2.631578947368420907e-02	0.000000000000000000e+00	2.631578947368420907e-02	0.000000000000000000e+00	0.000000000000000000e+00	0.000000000000000000e+00	0.000000000000000000e+00	2.631578947368420907e-02
3.773584905660377388e-03	1.886792452830188607e-02	1.886792452830188607e-02	0.000000000000000000e+00	1.132075471698113303e-02	0.000000000000000000e+00	7.547169811320754776e-03	0.000000000000000000e+00	0.000000000000000000e+00	3.018867924528301910e-02	1.132075471698113303e-02	0.000000000000000000e+00	1.132075471698113303e-02	7.547169811320754776e-03	7.547169811320754776e-03	7.547169811320754776e-03	1.886792452830188607e-02	2.641509433962264258e-02	0.000000000000000000e+00	0.000000000000000000e+00	7.547169811320754776e-03	1.132075471698113303e-02	3.773584905660377388e-03	3.773584905660377388e-03	0.000000000000000000e+00	1.245283018867924529e-01	0.000000000000000000e+00	3.773584905660377388e-03	0.000000000000000000e+00	1.509433962264150955e-02	1.169811320754716999e-01	1.245283018867924529e-01	0.000000000000000000e+00	0.000000000000000000e+00	0.000000000000000000e+00	0.000000000000000000e+00	0.000000000000000000e+00	1.132075471698113303e-02	3.773584905660377388e-03	0.000000000000000000e+00	1.509433962264150955e-02	7.547169811320754776e-03	0.000000000000000000e+00	1.509433962264150955e-02	5.660377358490566169e-02	2.264150943396226606e-02	7.547169811320754776e-03	3.773584905660377388e-03	1.132075471698113303e-02	7.547169811320754776e-03	1.132075471698113303e-02	0.000000000000000000e+00	3.018867924528301910e-02	3.396226415094339562e-02	1.509433962264150955e-02	0.000000000000000000e+00	0.000000000000000000e+00	0.000000000000000000e+00	7.547169811320754776e-03	9.433962264150944077e-02	0.000000000000000000e+00	0.000000000000000000e+00	0.000000000000000000e+00	0.000000000000000000e+00	1.132075471698113303e-02	0.000000000000000000e+00	7.547169811320754776e-03	7.547169811320754776e-03	0.000000000000000000e+00	7.547169811320754776e-03	0.000000000000000000e+00	1.886792452830188607e-02	0.000000000000000000e+00	0.000000000000000000e+00	0.000000000000000000e+00
0.000000000000000000e+00	0.000000000000000000e+00	7.092198581560283516e-03	0.000000000000000000e+00	0.000000000000000000e+00	0.000000000000000000e+00	0.000000000000000000e+00	7.092198581560283516e-03	0.000000000000000000e+00	7.092198581560283516e-03	1.418439716312056703e-02	0.000000000000000000e+00	7.092198581560283516e-03	7.092198581560283516e-03	7.092198581560283516e-03	0.000000000000000000e+00	0.000000000000000000e+00	0.000000000000000000e+00	0.000000000000000000e+00	0.000000000000000000e+00	0.000000000000000000e+00	1.418439716312056703e-02	0.000000000000000000e+00	7.092198581560283516e-03	2.836879432624113406e-02	1.276595744680850963e-01	0.000000000000000000e+00	2.836879432624113406e-02	1.418439716312056703e-02	0.000000000000000000e+00	5.673758865248226813e-02	1.914893617021276584e-01	0.000000000000000000e+00	1.418439716312056703e-02	1.418439716312056703e-02	0.000000000000000000e+00	0.000000000000000000e+00	7.092198581560283516e-03	0.000000000000000000e+00	0.000000000000000000e+00	2.127659574468085055e-02	0.000000000000000000e+00	0.000000000000000000e+00	7.092198581560283516e-03	7.092198581560282822e-02	7.092198581560283516e-03	0.000000000000000000e+00	1.418439716312056703e-02	7.092198581560283516e-03	0.000000000000000000e+00	0.000000000000000000e+00	0.000000000000000000e+00	0.000000000000000000e+00	4.964539007092198808e-02	0.000000000000000000e+00	0.000000000000000000e+00	2.127659574468085055e-02	7.092198581560283516e-03	9.219858156028368223e-02	1.134751773049645363e-01	0.000000000000000000e+00	7.092198581560283516e-03	7.092198581560283516e-03	0.000000000000000000e+00	0.000000000000000000e+00	7.092198581560283516e-03	0.000000000000000000e+00	0.000000000000000000e+00	0.000000000000000000e+00	7.092198581560283516e-03	0.000000000000000000e+00	0.000000000000000000e+00	0.000000000000000000e+00	0.000000000000000000e+00	0.000000000000000000e+00
1.111111111111111154e-02	1.111111111111111154e-02	0.000000000000000000e+00	0.000000000000000000e+00	4.444444444444444614e-02	0.000000000000000000e+00	2.222222222222222307e-02	0.000000000000000000e+00	0.000000000000000000e+00	3.333333333333333287e-02	0.000000000000000000e+00	0.000000000000000000e+00	1.111111111111111154e-02	1.111111111111111154e-02	0.000000000000000000e+00	0.000000000000000000e+00	0.000000000000000000e+00	0.000000000000000000e+00	0.000000000000000000e+00	0.000000000000000000e+00	1.111111111111111154e-02	0.000000000000000000e+00	0.000000000000000000e+00	0.000000000000000000e+00	0.000000000000000000e+00	2.000000000000000111e-01	0.000000000000000000e+00	0.000000000000000000e+00	0.000000000000000000e+00	0.000000000000000000e+00	1.666666666666666852e-01	1.666666666666666852e-01	1.111111111111111154e-02	5.555555555555555941e-02	0.000000000000000000e+00	0.000000000000000000e+00	0.000000000000000000e+00	1.111111111111111154e-02	2.222222222222222307e-02	0.000000000000000000e+00	0.000000000000000000e+00	0.000000000000000000e+00	0.000000000000000000e+00	1.111111111111111154e-02	1.111111111111111154e-02	1.111111111111111154e-02	0.000000000000000000e+00	0.000000000000000000e+00	0.000000000000000000e+00	0.000000000000000000e+00	0.000000000000000000e+00	0.000000000000000000e+00	1.111111111111111154e-02	3.333333333333333287e-02	0.000000000000000000e+00	0.000000000000000000e+00	0.000000000000000000e+00	0.000000000000000000e+00	2.222222222222222307e-02	2.222222222222222307e-02	0.000000000000000000e+00	0.000000000000000000e+00	2.222222222222222307e-02	1.111111111111111154e-02	0.000000000000000000e+00	0.000000000000000000e+00	1.111111111111111154e-02	2.222222222222222307e-02	0.000000000000000000e+00	1.111111111111111154e-02	0.000000000000000000e+00	0.000000000000000000e+00	1.111111111111111154e-02	0.000000000000000000e+00	0.000000000000000000e+00
0.000000000000000000e+00	0.000000000000000000e+00	1.357466063348416324e-02	4.524886877828054703e-03	0.000000000000000000e+00	0.000000000000000000e+00	0.000000000000000000e+00	1.357466063348416324e-02	4.524886877828054703e-03	0.000000000000000000e+00	1.809954751131221881e-02	0.000000000000000000e+00	4.524886877828054703e-03	3.167420814479638552e-02	4.524886877828054703e-03	0.000000000000000000e+00	0.000000000000000000e+00	0.000000000000000000e+00	0.000000000000000000e+00	2.714932126696832648e-02	0.000000000000000000e+00	9.049773755656109406e-03	4.524886877828054703e-03	0.000000000000000000e+00	9.049773755656109406e-03	1.176470588235294240e-01	1.357466063348416324e-02	0.000000000000000000e+00	1.357466063348416324e-02	0.000000000000000000e+00	7.692307692307692735e-02	1.674208144796380249e-01	0.000000000000000000e+00	2.714932126696832648e-02	0.000000000000000000e+00	0.000000000000000000e+00	0.000000000000000000e+00	1.357466063348416324e-02	0.000000000000000000e+00	4.524886877828054703e-03	0.000000000000000000e+00	1.357466063348416324e-02	0.000000000000000000e+00	9.049773755656109406e-03	1.809954751131221881e-02	0.000000000000000000e+00	0.000000000000000000e+00	0.000000000000000000e+00	9.049773755656109406e-03	4.524886877828054703e-03	4.524886877828054703e-03	4.524886877828054703e-03	1.809954751131221881e-02	1.809954751131221881e-02	9.049773755656109406e-03	0.000000000000000000e+00	0.000000000000000000e+00	0.000000000000000000e+00	7.692307692307692735e-02	1.131221719457013719e-01	0.000000000000000000e+00	0.000000000000000000e+00	9.049773755656109406e-03	0.000000000000000000e+00	0.000000000000000000e+00	9.049773755656109406e-03	1.809954751131221881e-02	0.000000000000000000e+00	0.000000000000000000e+00	2.262443438914027438e-02	0.000000000000000000e+00	0.000000000000000000e+00	2.262443438914027438e-02	0.000000000000000000e+00	4.072398190045248972e-02
0.000000000000000000e+00	0.000000000000000000e+00	9.569377990430621636e-03	0.000000000000000000e+00	0.000000000000000000e+00	1.435406698564593159e-02	0.000000000000000000e+00	0.000000000000000000e+00	0.000000000000000000e+00	0.000000000000000000e+00	4.784688995215310818e-03	0.000000000000000000e+00	0.000000000000000000e+00	0.000000000000000000e+00	1.435406698564593159e-02	0.000000000000000000e+00	0.000000000000000000e+00	0.000000000000000000e+00	4.784688995215310818e-03	0.000000000000000000e+00	4.784688995215310818e-03	2.392344497607655496e-02	0.000000000000000000e+00	1.435406698564593159e-02	1.435406698564593159e-02	1.339712918660287133e-01	0.000000000000000000e+00	0.000000000000000000e+00	0.000000000000000000e+00	0.000000000000000000e+00	1.052631578947368363e-01	1.148325358851674527e-01	0.000000000000000000e+00	1.435406698564593159e-02	0.000000000000000000e+00	0.000000000000000000e+00	9.569377990430621636e-03	0.000000000000000000e+00	0.000000000000000000e+00	4.784688995215310818e-03	0.000000000000000000e+00	9.569377990430621636e-03	1.435406698564593159e-02	4.784688995215310818e-03	3.349282296650717833e-02	1.913875598086124327e-02	4.784688995215310818e-03	0.000000000000000000e+00	0.000000000000000000e+00	0.000000000000000000e+00	0.000000000000000000e+00	1.435406698564593159e-02	3.349282296650717833e-02	2.392344497607655496e-02	0.000000000000000000e+00	4.784688995215310818e-03	0.000000000000000000e+00	0.000000000000000000e+00	1.435406698564593297e-01	1.387559808612440215e-01	4.784688995215310818e-03	4.784688995215310818e-03	0.000000000000000000e+00	0.000000000000000000e+00	0.000000000000000000e+00	4.784688995215310818e-03	0.000000000000000000e+00	0.000000000000000000e+00	4.784688995215310818e-03	2.870813397129186317e-02	1.913875598086124327e-02	0.000000000000000000e+00	0.000000000000000000e+00	0.000000000000000000e+00	0.000000000000000000e+00
4.175365344467640502e-03	6.263048016701460753e-03	1.252609603340292151e-02	4.175365344467640502e-03	4.175365344467640502e-03	6.263048016701460753e-03	2.087682672233820251e-03	1.043841336116910212e-02	4.175365344467640502e-03	2.296450939457202189e-02	1.043841336116910212e-02	0.000000000000000000e+00	3.340292275574112402e-02	1.878914405010438313e-02	0.000000000000000000e+00	6.263048016701460753e-03	2.087682672233820251e-03	1.461377870563674089e-02	2.087682672233820251e-03	0.000000000000000000e+00	0.000000000000000000e+00	0.000000000000000000e+00	0.000000000000000000e+00	4.175365344467640502e-03	2.922755741127348178e-02	7.933194154488516781e-02	0.000000000000000000e+00	0.000000000000000000e+00	0.000000000000000000e+00	8.350730688935281004e-03	9.394572025052190523e-02	1.419624217118997667e-01	0.000000000000000000e+00	1.252609603340292151e-02	2.087682672233820251e-03	0.000000000000000000e+00	4.175365344467640502e-03	1.252609603340292151e-02	1.461377870563674089e-02	2.087682672233820251e-03	4.175365344467640502e-03	2.087682672233820251e-03	0.000000000000000000e+00	8.350730688935281004e-03	3.757828810020876625e-02	6.263048016701460753e-03	0.000000000000000000e+00	2.087682672233820251e-03	2.087682672233820251e-03	5.010438413361168603e-02	4.175365344467640502e-03	0.000000000000000000e+00	6.263048016701460753e-03	2.087682672233820425e-02	0.000000000000000000e+00	4.175365344467640502e-03	1.043841336116910212e-02	2.296450939457202189e-02	7.515657620041753251e-02	1.231732776617953939e-01	0.000000000000000000e+00	8.350730688935281004e-03	2.087682672233820251e-03	0.000000000000000000e+00	2.087682672233820251e-03	0.000000000000000000e+00	2.087682672233820251e-03	0.000000000000000000e+00	2.087682672233820251e-03	2.087682672233820251e-03	6.263048016701460753e-03	8.350730688935281004e-03	6.263048016701460753e-03	0.000000000000000000e+00	1.043841336116910212e-02
0.000000000000000000e+00	0.000000000000000000e+00	9.900990099009901110e-03	0.000000000000000000e+00	0.000000000000000000e+00	0.000000000000000000e+00	0.000000000000000000e+00	9.900990099009901110e-03	0.000000000000000000e+00	0.000000000000000000e+00	0.000000000000000000e+00	1.980198019801980291e-01	0.000000000000000000e+00	0.000000000000000000e+00	0.000000000000000000e+00	9.900990099009901110e-03	9.900990099009901110e-03	0.000000000000000000e+00	0.000000000000000000e+00	0.000000000000000000e+00	1.980198019801980222e-02	0.000000000000000000e+00	9.900990099009901110e-03	0.000000000000000000e+00	0.000000000000000000e+00	1.683168316831683275e-01	0.000000000000000000e+00	0.000000000000000000e+00	0.000000000000000000e+00	9.900990099009901110e-03	1.188118811881188064e-01	1.485148514851485080e-01	0.000000000000000000e+00	9.900990099009901110e-03	0.000000000000000000e+00	0.000000000000000000e+00	0.000000000000000000e+00	0.000000000000000000e+00	0.000000000000000000e+00	0.000000000000000000e+00	9.900990099009901110e-03	0.000000000000000000e+00	0.000000000000000000e+00	0.000000000000000000e+00	7.920792079207920888e-02	9.900990099009901110e-03	9.900990099009901110e-03	0.000000000000000000e+00	1.980198019801980222e-02	0.000000000000000000e+00	0.000000000000000000e+00	0.000000000000000000e+00	0.000000000000000000e+00	9.900990099009901110e-03	0.000000000000000000e+00	0.000000000000000000e+00	0.000000000000000000e+00	0.000000000000000000e+00	1.980198019801980222e-02	9.900990099009901457e-02	0.000000000000000000e+00	0.000000000000000000e+00	0.000000000000000000e+00	0.000000000000000000e+00	0.000000000000000000e+00	0.000000000000000000e+00	0.000000000000000000e+00	1.980198019801980222e-02	0.000000000000000000e+00	0.000000000000000000e+00	0.000000000000000000e+00	0.000000000000000000e+00	0.000000000000000000e+00	0.000000000000000000e+00	0.000000000000000000e+00
8.264462809917355601e-03	0.000000000000000000e+00	8.264462809917355601e-03	0.000000000000000000e+00	0.000000000000000000e+00	8.264462809917355601e-03	0.000000000000000000e+00	1.652892561983471120e-02	0.000000000000000000e+00	0.000000000000000000e+00	8.264462809917355601e-03	0.000000000000000000e+00	0.000000000000000000e+00	0.000000000000000000e+00	8.264462809917355601e-03	0.000000000000000000e+00	0.000000000000000000e+00	0.000000000000000000e+00	0.000000000000000000e+00	0.000000000000000000e+00	0.000000000000000000e+00	1.652892561983471120e-02	0.000000000000000000e+00	0.000000000000000000e+00	0.000000000000000000e+00	1.074380165289256228e-01	0.000000000000000000e+00	2.479338842975206680e-02	0.000000000000000000e+00	8.264462809917355601e-03	1.239669421487603340e-01	1.487603305785124008e-01	0.000000000000000000e+00	2.479338842975206680e-02	0.000000000000000000e+00	0.000000000000000000e+00	8.264462809917355601e-03	8.264462809917355601e-03	2.479338842975206680e-02	0.000000000000000000e+00	0.000000000000000000e+00	8.264462809917355601e-03	8.264462809917355601e-03	8.264462809917355601e-03	4.132231404958677801e-02	0.000000000000000000e+00	8.264462809917355601e-03	0.000000000000000000e+00	0.000000000000000000e+00	0.000000000000000000e+00	1.652892561983471120e-02	0.000000000000000000e+00	1.652892561983471120e-02	8.264462809917355601e-02	8.264462809917355601e-03	0.000000000000000000e+00	0.000000000000000000e+00	0.000000000000000000e+00	3.305785123966942241e-02	1.735537190082644676e-01	0.000000000000000000e+00	0.000000000000000000e+00	0.000000000000000000e+00	0.000000000000000000e+00	0.000000000000000000e+00	2.479338842975206680e-02	0.000000000000000000e+00	8.264462809917355601e-03	0.000000000000000000e+00	0.000000000000000000e+00	8.264462809917355601e-03	0.000000000000000000e+00	0.000000000000000000e+00	0.000000000000000000e+00	0.000000000000000000e+00
0.000000000000000000e+00	0.000000000000000000e+00	0.000000000000000000e+00	0.000000000000000000e+00	0.000000000000000000e+00	0.000000000000000000e+00	0.000000000000000000e+00	0.000000000000000000e+00	0.000000000000000000e+00	3.076923076923077094e-02	0.000000000000000000e+00	0.000000000000000000e+00	4.615384615384615641e-02	4.615384615384615641e-02	0.000000000000000000e+00	0.000000000000000000e+00	0.000000000000000000e+00	0.000000000000000000e+00	0.000000000000000000e+00	1.538461538461538547e-02	1.538461538461538547e-02	0.000000000000000000e+00	3.076923076923077094e-02	0.000000000000000000e+00	0.000000000000000000e+00	1.384615384615384692e-01	0.000000000000000000e+00	0.000000000000000000e+00	0.000000000000000000e+00	0.000000000000000000e+00	9.230769230769231282e-02	1.846153846153846256e-01	1.538461538461538547e-02	0.000000000000000000e+00	0.000000000000000000e+00	0.000000000000000000e+00	0.000000000000000000e+00	0.000000000000000000e+00	0.000000000000000000e+00	0.000000000000000000e+00	0.000000000000000000e+00	0.000000000000000000e+00	0.000000000000000000e+00	0.000000000000000000e+00	1.076923076923076983e-01	0.000000000000000000e+00	0.000000000000000000e+00	0.000000000000000000e+00	0.000000000000000000e+00	3.076923076923077094e-02	0.000000000000000000e+00	0.000000000000000000e+00	1.538461538461538547e-02	6.153846153846154188e-02	0.000000000000000000e+00	0.000000000000000000e+00	0.000000000000000000e+00	0.000000000000000000e+00	3.076923076923077094e-02	7.692307692307692735e-02	0.000000000000000000e+00	0.000000000000000000e+00	0.000000000000000000e+00	0.000000000000000000e+00	0.000000000000000000e+00	0.000000000000000000e+00	1.538461538461538547e-02	1.538461538461538547e-02	1.538461538461538547e-02	0.000000000000000000e+00	0.000000000000000000e+00	0.000000000000000000e+00	1.538461538461538547e-02	0.000000000000000000e+00	0.000000000000000000e+00
0.000000000000000000e+00	0.000000000000000000e+00	2.439024390243902524e-02	0.000000000000000000e+00	8.130081300813008990e-03	1.626016260162601798e-02	0.000000000000000000e+00	1.626016260162601798e-02	0.000000000000000000e+00	8.130081300813008990e-03	1.626016260162601798e-02	0.000000000000000000e+00	0.000000000000000000e+00	0.000000000000000000e+00	8.130081300813008990e-03	1.626016260162601798e-02	0.000000000000000000e+00	4.878048780487805047e-02	0.000000000000000000e+00	0.000000000000000000e+00	0.000000000000000000e+00	2.439024390243902524e-02	0.000000000000000000e+00	2.439024390243902524e-02	0.000000000000000000e+00	1.544715447154471621e-01	0.000000000000000000e+00	0.000000000000000000e+00	0.000000000000000000e+00	1.626016260162601798e-02	1.056910569105691117e-01	1.219512195121951331e-01	0.000000000000000000e+00	8.130081300813008990e-03	0.000000000000000000e+00	0.000000000000000000e+00	0.000000000000000000e+00	0.000000000000000000e+00	8.130081300813008990e-03	0.000000000000000000e+00	0.000000000000000000e+00	2.439024390243902524e-02	0.000000000000000000e+00	0.000000000000000000e+00	7.317073170731708265e-02	8.130081300813008990e-03	1.626016260162601798e-02	0.000000000000000000e+00	0.000000000000000000e+00	0.000000000000000000e+00	0.000000000000000000e+00	8.130081300813008990e-03	0.000000000000000000e+00	1.626016260162601798e-02	0.000000000000000000e+00	0.000000000000000000e+00	8.130081300813008990e-03	0.000000000000000000e+00	1.626016260162601798e-02	8.130081300813009337e-02	0.000000000000000000e+00	8.130081300813008990e-03	0.000000000000000000e+00	0.000000000000000000e+00	4.065040650406504669e-02	0.000000000000000000e+00	0.000000000000000000e+00	8.130081300813008990e-03	8.130081300813008990e-03	0.000000000000000000e+00	4.065040650406504669e-02	1.626016260162601798e-02	0.000000000000000000e+00	0.000000000000000000e+00	0.000000000000000000e+00
0.000000000000000000e+00	0.000000000000000000e+00	0.000000000000000000e+00	1.369863013698630061e-02	1.369863013698630061e-02	0.000000000000000000e+00	1.369863013698630061e-02	2.739726027397260122e-02	0.000000000000000000e+00	1.369863013698630061e-02	0.000000000000000000e+00	0.000000000000000000e+00	0.000000000000000000e+00	1.369863013698630061e-02	0.000000000000000000e+00	0.000000000000000000e+00	4.109589041095890183e-02	0.000000000000000000e+00	0.000000000000000000e+00	0.000000000000000000e+00	1.369863013698630061e-02	1.369863013698630061e-02	0.000000000000000000e+00	0.000000000000000000e+00	0.000000000000000000e+00	1.780821917808219079e-01	0.000000000000000000e+00	0.000000000000000000e+00	2.739726027397260122e-02	1.369863013698630061e-02	1.232876712328767055e-01	9.589041095890410427e-02	0.000000000000000000e+00	0.000000000000000000e+00	0.000000000000000000e+00	0.000000000000000000e+00	1.369863013698630061e-02	0.000000000000000000e+00	0.000000000000000000e+00	0.000000000000000000e+00	0.000000000000000000e+00	0.000000000000000000e+00	0.000000000000000000e+00	2.739726027397260122e-02	0.000000000000000000e+00	2.739726027397260122e-02	0.000000000000000000e+00	1.369863013698630061e-02	0.000000000000000000e+00	0.000000000000000000e+00	2.739726027397260122e-02	0.000000000000000000e+00	2.739726027397260122e-02	5.479452054794520244e-02	0.000000000000000000e+00	0.000000000000000000e+00	0.000000000000000000e+00	0.000000000000000000e+00	6.849315068493150305e-02	8.219178082191780366e-02	1.369863013698630061e-02	0.000000000000000000e+00	0.000000000000000000e+00	0.000000000000000000e+00	0.000000000000000000e+00	0.000000000000000000e+00	1.369863013698630061e-02	0.000000000000000000e+00	2.739726027397260122e-02	0.000000000000000000e+00	0.000000000000000000e+00	0.000000000000000000e+00	0.000000000000000000e+00	0.000000000000000000e+00	0.000000000000000000e+00
0.000000000000000000e+00	6.369426751592357008e-03	2.547770700636942803e-02	0.000000000000000000e+00	6.369426751592357008e-03	0.000000000000000000e+00	0.000000000000000000e+00	6.369426751592357008e-03	0.000000000000000000e+00	0.000000000000000000e+00	3.184713375796178331e-02	0.000000000000000000e+00	0.000000000000000000e+00	2.547770700636942803e-02	0.000000000000000000e+00	0.000000000000000000e+00	1.273885350318471402e-02	6.369426751592357008e-03	0.000000000000000000e+00	1.910828025477707276e-02	6.369426751592357008e-03	2.547770700636942803e-02	6.369426751592357008e-03	0.000000000000000000e+00	6.369426751592357008e-03	1.146496815286624227e-01	0.000000000000000000e+00	6.369426751592357008e-03	0.000000000000000000e+00	0.000000000000000000e+00	8.280254777070064631e-02	8.917197452229300159e-02	0.000000000000000000e+00	1.910828025477707276e-02	6.369426751592357008e-03	0.000000000000000000e+00	6.369426751592357008e-03	1.273885350318471402e-02	1.273885350318471402e-02	0.000000000000000000e+00	0.000000000000000000e+00	1.910828025477707276e-02	0.000000000000000000e+00	0.000000000000000000e+00	1.910828025477707276e-02	1.273885350318471402e-02	6.369426751592357008e-03	6.369426751592357008e-03	0.000000000000000000e+00	0.000000000000000000e+00	0.000000000000000000e+00	6.369426751592357008e-03	3.821656050955414552e-02	5.095541401273885607e-02	0.000000000000000000e+00	6.369426751592357008e-03	0.000000000000000000e+00	0.000000000000000000e+00	1.019108280254777121e-01	1.528662420382165821e-01	0.000000000000000000e+00	0.000000000000000000e+00	6.369426751592357008e-03	0.000000000000000000e+00	0.000000000000000000e+00	1.910828025477707276e-02	6.369426751592357008e-03	0.000000000000000000e+00	0.000000000000000000e+00	0.000000000000000000e+00	6.369426751592357008e-03	0.000000000000000000e+00	6.369426751592357008e-03	0.000000000000000000e+00	0.000000000000000000e+00
2.500000000000000139e-02	0.000000000000000000e+00	1.250000000000000069e-02	0.000000000000000000e+00	1.250000000000000069e-02	0.000000000000000000e+00	1.250000000000000069e-02	0.000000000000000000e+00	0.000000000000000000e+00	2.500000000000000139e-02	2.500000000000000139e-02	0.000000000000000000e+00	0.000000000000000000e+00	0.000000000000000000e+00	0.000000000000000000e+00	0.000000000000000000e+00	0.000000000000000000e+00	1.250000000000000069e-02	2.500000000000000139e-02	0.000000000000000000e+00	2.500000000000000139e-02	0.000000000000000000e+00	2.500000000000000139e-02	0.000000000000000000e+00	0.000000000000000000e+00	2.250000000000000056e-01	0.000000000000000000e+00	0.000000000000000000e+00	3.750000000000000555e-02	0.000000000000000000e+00	1.375000000000000111e-01	1.750000000000000167e-01	0.000000000000000000e+00	0.000000000000000000e+00	0.000000000000000000e+00	1.250000000000000069e-02	0.000000000000000000e+00	1.250000000000000069e-02	0.000000000000000000e+00	0.000000000000000000e+00	0.000000000000000000e+00	0.000000000000000000e+00	0.000000000000000000e+00	0.000000000000000000e+00	1.250000000000000069e-02	0.000000000000000000e+00	0.000000000000000000e+00	0.000000000000000000e+00	0.000000000000000000e+00	1.250000000000000069e-02	0.000000000000000000e+00	0.000000000000000000e+00	0.000000000000000000e+00	2.500000000000000139e-02	0.000000000000000000e+00	0.000000000000000000e+00	0.000000000000000000e+00	0.000000000000000000e+00	0.000000000000000000e+00	1.000000000000000056e-01	0.000000000000000000e+00	0.000000000000000000e+00	0.000000000000000000e+00	2.500000000000000139e-02	0.000000000000000000e+00	0.000000000000000000e+00	1.250000000000000069e-02	0.000000000000000000e+00	0.000000000000000000e+00	0.000000000000000000e+00	0.000000000000000000e+00	0.000000000000000000e+00	1.250000000000000069e-02	0.000000000000000000e+00	0.000000000000000000e+00
0.000000000000000000e+00	1.398601398601398600e-02	6.993006993006993001e-03	0.000000000000000000e+00	0.000000000000000000e+00	0.000000000000000000e+00	2.797202797202797200e-02	6.993006993006993001e-03	0.000000000000000000e+00	1.398601398601398600e-02	6.993006993006993001e-03	0.000000000000000000e+00	2.797202797202797200e-02	1.398601398601398600e-02	0.000000000000000000e+00	0.000000000000000000e+00	0.000000000000000000e+00	6.993006993006993001e-03	0.000000000000000000e+00	0.000000000000000000e+00	2.797202797202797200e-02	6.993006993006993001e-03	0.000000000000000000e+00	0.000000000000000000e+00	6.993006993006993001e-03	1.328671328671328644e-01	0.000000000000000000e+00	6.993006993006993001e-03	0.000000000000000000e+00	0.000000000000000000e+00	1.048951048951048959e-01	1.678321678321678390e-01	0.000000000000000000e+00	0.000000000000000000e+00	6.993006993006993001e-03	6.993006993006993001e-03	0.000000000000000000e+00	6.993006993006993001e-03	2.797202797202797200e-02	0.000000000000000000e+00	6.993006993006993001e-03	0.000000000000000000e+00	0.000000000000000000e+00	6.993006993006993001e-03	9.090909090909091161e-02	0.000000000000000000e+00	0.000000000000000000e+00	1.398601398601398600e-02	0.000000000000000000e+00	6.993006993006993001e-03	0.000000000000000000e+00	0.000000000000000000e+00	0.000000000000000000e+00	5.594405594405594401e-02	6.993006993006993001e-03	0.000000000000000000e+00	6.993006993006993001e-03	6.993006993006993001e-03	2.797202797202797200e-02	8.391608391608391948e-02	0.000000000000000000e+00	0.000000000000000000e+00	6.993006993006993001e-03	6.993006993006993001e-03	0.000000000000000000e+00	6.993006993006993001e-03	0.000000000000000000e+00	0.000000000000000000e+00	0.000000000000000000e+00	2.797202797202797200e-02	0.000000000000000000e+00	6.993006993006993001e-03	0.000000000000000000e+00	0.000000000000000000e+00	0.000000000000000000e+00
4.878048780487804874e-03	0.000000000000000000e+00	1.951219512195121950e-02	0.000000000000000000e+00	0.000000000000000000e+00	0.000000000000000000e+00	9.756097560975609748e-03	0.000000000000000000e+00	4.878048780487804874e-03	4.390243902439024126e-02	1.951219512195121950e-02	0.000000000000000000e+00	4.390243902439024126e-02	4.878048780487804874e-03	4.878048780487804874e-03	0.000000000000000000e+00	0.000000000000000000e+00	4.878048780487804874e-03	0.000000000000000000e+00	0.000000000000000000e+00	1.463414634146341375e-02	0.000000000000000000e+00	0.000000000000000000e+00	0.000000000000000000e+00	4.878048780487804874e-03	1.121951219512195147e-01	0.000000000000000000e+00	0.000000000000000000e+00	0.000000000000000000e+00	0.000000000000000000e+00	1.219512195121951192e-01	9.756097560975610095e-02	4.878048780487804874e-03	9.756097560975609748e-03	0.000000000000000000e+00	9.756097560975609748e-03	0.000000000000000000e+00	9.756097560975609748e-03	9.756097560975609748e-03	0.000000000000000000e+00	0.000000000000000000e+00	1.463414634146341375e-02	0.000000000000000000e+00	4.878048780487804874e-03	9.756097560975609748e-03	0.000000000000000000e+00	0.000000000000000000e+00	0.000000000000000000e+00	9.756097560975609748e-03	0.000000000000000000e+00	0.000000000000000000e+00	0.000000000000000000e+00	1.463414634146341375e-02	3.414634146341463672e-02	0.000000000000000000e+00	4.878048780487804874e-03	0.000000000000000000e+00	0.000000000000000000e+00	7.317073170731706877e-02	1.560975609756097560e-01	0.000000000000000000e+00	0.000000000000000000e+00	0.000000000000000000e+00	0.000000000000000000e+00	0.000000000000000000e+00	0.000000000000000000e+00	0.000000000000000000e+00	0.000000000000000000e+00	4.878048780487804874e-03	3.414634146341463672e-02	9.756097560975609748e-03	4.878048780487804874e-03	4.878048780487804874e-03	5.365853658536585274e-02	9.756097560975609748e-03
5.917159763313609329e-03	1.775147928994082885e-02	1.775147928994082885e-02	0.000000000000000000e+00	0.000000000000000000e+00	0.000000000000000000e+00	5.917159763313609329e-03	1.775147928994082885e-02	0.000000000000000000e+00	1.775147928994082885e-02	5.917159763313609329e-03	0.000000000000000000e+00	1.775147928994082885e-02	1.183431952662721866e-02	5.917159763313609329e-03	5.917159763313609329e-03	0.000000000000000000e+00	5.917159763313609329e-03	0.000000000000000000e+00	0.000000000000000000e+00	0.000000000000000000e+00	0.000000000000000000e+00	0.000000000000000000e+00	5.917159763313609329e-03	1.775147928994082885e-02	1.242603550295857950e-01	0.000000000000000000e+00	5.917159763313609329e-03	0.000000000000000000e+00	1.775147928994082885e-02	7.100591715976331542e-02	1.538461538461538547e-01	0.000000000000000000e+00	0.000000000000000000e+00	0.000000000000000000e+00	5.917159763313609329e-03	0.000000000000000000e+00	2.366863905325443732e-02	1.775147928994082885e-02	5.917159763313609329e-03	0.000000000000000000e+00	0.000000000000000000e+00	0.000000000000000000e+00	0.000000000000000000e+00	4.733727810650887463e-02	1.183431952662721866e-02	0.000000000000000000e+00	0.000000000000000000e+00	0.000000000000000000e+00	1.775147928994082885e-02	0.000000000000000000e+00	0.000000000000000000e+00	5.917159763313609329e-03	4.142011834319526270e-02	5.917159763313609329e-03	0.000000000000000000e+00	5.917159763313609329e-03	0.000000000000000000e+00	4.733727810650887463e-02	1.597633136094674389e-01	0.000000000000000000e+00	0.000000000000000000e+00	0.000000000000000000e+00	0.000000000000000000e+00	5.917159763313609329e-03	5.917159763313609329e-03	1.183431952662721866e-02	5.917159763313609329e-03	0.000000000000000000e+00	0.000000000000000000e+00	5.917159763313609329e-03	2.958579881656804578e-02	0.000000000000000000e+00	0.000000000000000000e+00	5.917159763313609329e-03
5.128205128205128201e-03	0.000000000000000000e+00	0.000000000000000000e+00	0.000000000000000000e+00	2.564102564102564014e-02	0.000000000000000000e+00	5.128205128205128201e-03	5.128205128205128201e-03	0.000000000000000000e+00	5.128205128205128201e-03	1.538461538461538547e-02	0.000000000000000000e+00	1.025641025641025640e-02	1.025641025641025640e-02	0.000000000000000000e+00	0.000000000000000000e+00	2.051282051282051280e-02	0.000000000000000000e+00	5.128205128205128201e-03	0.000000000000000000e+00	1.025641025641025640e-02	5.128205128205128201e-03	5.128205128205128201e-03	0.000000000000000000e+00	1.025641025641025640e-02	2.051282051282051211e-01	0.000000000000000000e+00	0.000000000000000000e+00	4.102564102564102561e-02	3.076923076923077094e-02	1.076923076923076983e-01	1.179487179487179460e-01	5.128205128205128201e-03	5.128205128205128201e-03	0.000000000000000000e+00	5.128205128205128201e-03	0.000000000000000000e+00	5.128205128205128201e-03	5.128205128205128201e-03	5.128205128205128201e-03	0.000000000000000000e+00	0.000000000000000000e+00	0.000000000000000000e+00	1.538461538461538547e-02	3.076923076923077094e-02	1.538461538461538547e-02	1.025641025641025640e-02	0.000000000000000000e+00	0.000000000000000000e+00	0.000000000000000000e+00	5.128205128205128201e-03	0.000000000000000000e+00	1.025641025641025640e-02	3.589743589743589480e-02	0.000000000000000000e+00	0.000000000000000000e+00	0.000000000000000000e+00	0.000000000000000000e+00	8.205128205128205121e-02	9.230769230769231282e-02	5.128205128205128201e-03	0.000000000000000000e+00	5.128205128205128201e-03	0.000000000000000000e+00	0.000000000000000000e+00	0.000000000000000000e+00	5.128205128205128201e-03	0.000000000000000000e+00	1.538461538461538547e-02	0.000000000000000000e+00	0.000000000000000000e+00	0.000000000000000000e+00	0.000000000000000000e+00	0.000000000000000000e+00	0.000000000000000000e+00
0.000000000000000000e+00	0.000000000000000000e+00	2.654867256637168105e-02	0.000000000000000000e+00	0.000000000000000000e+00	0.000000000000000000e+00	0.000000000000000000e+00	4.424778761061946841e-03	8.849557522123893682e-03	5.752212389380530894e-02	4.424778761061946841e-03	0.000000000000000000e+00	3.097345132743362789e-02	4.424778761061946841e-03	1.327433628318584052e-02	0.000000000000000000e+00	4.424778761061946841e-03	4.424778761061946841e-03	0.000000000000000000e+00	0.000000000000000000e+00	4.424778761061946841e-03	8.849557522123893682e-03	0.000000000000000000e+00	4.424778761061946841e-03	4.424778761061946841e-03	1.017699115044247704e-01	0.000000000000000000e+00	0.000000000000000000e+00	0.000000000000000000e+00	4.424778761061946841e-03	1.415929203539822989e-01	1.238938053097345116e-01	4.424778761061946841e-03	8.849557522123893682e-03	0.000000000000000000e+00	0.000000000000000000e+00	0.000000000000000000e+00	4.424778761061946841e-03	0.000000000000000000e+00	4.424778761061946841e-03	0.000000000000000000e+00	1.327433628318584052e-02	1.327433628318584052e-02	4.424778761061946841e-03	2.654867256637168105e-02	4.424778761061946841e-03	0.000000000000000000e+00	4.424778761061946841e-03	2.212389380530973421e-02	0.000000000000000000e+00	0.000000000000000000e+00	4.424778761061946841e-03	1.327433628318584052e-02	3.097345132743362789e-02	0.000000000000000000e+00	8.849557522123893682e-03	0.000000000000000000e+00	0.000000000000000000e+00	9.292035398230089061e-02	1.106194690265486780e-01	4.424778761061946841e-03	0.000000000000000000e+00	1.327433628318584052e-02	0.000000000000000000e+00	0.000000000000000000e+00	0.000000000000000000e+00	0.000000000000000000e+00	0.000000000000000000e+00	4.424778761061946841e-03	1.327433628318584052e-02	4.424778761061946841e-03	2.654867256637168105e-02	0.000000000000000000e+00	0.000000000000000000e+00	8.849557522123893682e-03
0.000000000000000000e+00	0.000000000000000000e+00	0.000000000000000000e+00	0.000000000000000000e+00	0.000000000000000000e+00	0.000000000000000000e+00	8.620689655172413673e-03	0.000000000000000000e+00	8.620689655172413673e-03	0.000000000000000000e+00	0.000000000000000000e+00	0.000000000000000000e+00	0.000000000000000000e+00	0.000000000000000000e+00	1.724137931034482735e-02	1.724137931034482735e-02	0.000000000000000000e+00	0.000000000000000000e+00	0.000000000000000000e+00	0.000000000000000000e+00	0.000000000000000000e+00	8.620689655172413673e-03	0.000000000000000000e+00	1.724137931034482735e-02	0.000000000000000000e+00	1.034482758620689641e-01	0.000000000000000000e+00	0.000000000000000000e+00	0.000000000000000000e+00	8.620689655172413673e-03	1.120689655172413812e-01	1.293103448275862155e-01	0.000000000000000000e+00	0.000000000000000000e+00	1.724137931034482735e-02	0.000000000000000000e+00	3.448275862068965469e-02	4.310344827586207184e-02	0.000000000000000000e+00	0.000000000000000000e+00	0.000000000000000000e+00	0.000000000000000000e+00	3.448275862068965469e-02	1.724137931034482735e-02	1.034482758620689641e-01	1.724137931034482735e-02	8.620689655172413673e-03	0.000000000000000000e+00	0.000000000000000000e+00	0.000000000000000000e+00	0.000000000000000000e+00	0.000000000000000000e+00	0.000000000000000000e+00	9.482758620689654694e-02	0.000000000000000000e+00	8.620689655172413673e-03	0.000000000000000000e+00	1.724137931034482735e-02	6.034482758620689224e-02	4.310344827586207184e-02	8.620689655172413673e-03	2.586206896551724102e-02	1.724137931034482735e-02	0.000000000000000000e+00	0.000000000000000000e+00	1.724137931034482735e-02	0.000000000000000000e+00	0.000000000000000000e+00	0.000000000000000000e+00	0.000000000000000000e+00	0.000000000000000000e+00	0.000000000000000000e+00	0.000000000000000000e+00	0.000000000000000000e+00	0.000000000000000000e+00
0.000000000000000000e+00	0.000000000000000000e+00	1.219512195121951262e-02	6.097560975609756309e-03	6.097560975609756309e-03	6.097560975609756309e-03	6.097560975609756309e-03	6.097560975609756309e-03	0.000000000000000000e+00	0.000000000000000000e+00	2.439024390243902524e-02	0.000000000000000000e+00	6.097560975609756309e-03	6.097560975609756309e-03	1.219512195121951262e-02	6.097560975609756309e-03	0.000000000000000000e+00	0.000000000000000000e+00	6.097560975609756309e-03	0.000000000000000000e+00	0.000000000000000000e+00	0.000000000000000000e+00	0.000000000000000000e+00	6.097560975609756309e-03	1.219512195121951262e-02	9.146341463414633943e-02	0.000000000000000000e+00	0.000000000000000000e+00	0.000000000000000000e+00	0.000000000000000000e+00	1.097560975609756101e-01	9.756097560975610095e-02	6.097560975609756309e-03	1.829268292682927066e-02	6.097560975609756309e-03	1.829268292682927066e-02	0.000000000000000000e+00	0.000000000000000000e+00	0.000000000000000000e+00	0.000000000000000000e+00	0.000000000000000000e+00	2.439024390243902524e-02	6.097560975609756309e-03	6.097560975609756309e-03	3.658536585365854132e-02	1.829268292682927066e-02	0.000000000000000000e+00	0.000000000000000000e+00	1.829268292682927066e-02	0.000000000000000000e+00	0.000000000000000000e+00	2.439024390243902524e-02	1.829268292682927066e-02	7.317073170731708265e-02	1.829268292682927066e-02	1.219512195121951262e-02	0.000000000000000000e+00	0.000000000000000000e+00	6.097560975609755962e-02	1.341463414634146423e-01	1.219512195121951262e-02	0.000000000000000000e+00	0.000000000000000000e+00	0.000000000000000000e+00	1.219512195121951262e-02	0.000000000000000000e+00	0.000000000000000000e+00	0.000000000000000000e+00	6.097560975609756309e-03	0.000000000000000000e+00	0.000000000000000000e+00	6.097560975609756309e-03	6.097560975609756309e-03	2.439024390243902524e-02	1.219512195121951262e-02
0.000000000000000000e+00	1.398601398601398600e-02	1.398601398601398600e-02	2.097902097902097987e-02	6.993006993006993001e-03	0.000000000000000000e+00	0.000000000000000000e+00	0.000000000000000000e+00	0.000000000000000000e+00	0.000000000000000000e+00	0.000000000000000000e+00	0.000000000000000000e+00	0.000000000000000000e+00	1.398601398601398600e-02	0.000000000000000000e+00	6.993006993006993001e-03	0.000000000000000000e+00	0.000000000000000000e+00	0.000000000000000000e+00	0.000000000000000000e+00	0.000000000000000000e+00	6.993006993006993001e-03	0.000000000000000000e+00	1.398601398601398600e-02	6.293706293706294308e-02	1.118881118881118880e-01	0.000000000000000000e+00	0.000000000000000000e+00	0.000000000000000000e+00	0.000000000000000000e+00	1.048951048951048959e-01	1.538461538461538547e-01	0.000000000000000000e+00	6.993006993006993001e-03	0.000000000000000000e+00	6.993006993006993001e-03	0.000000000000000000e+00	1.398601398601398600e-02	0.000000000000000000e+00	4.895104895104895187e-02	0.000000000000000000e+00	0.000000000000000000e+00	0.000000000000000000e+00	0.000000000000000000e+00	4.195804195804195974e-02	1.398601398601398600e-02	6.993006993006993001e-03	6.993006993006993001e-03	4.195804195804195974e-02	0.000000000000000000e+00	0.000000000000000000e+00	0.000000000000000000e+00	0.000000000000000000e+00	2.097902097902097987e-02	6.993006993006993001e-03	0.000000000000000000e+00	0.000000000000000000e+00	0.000000000000000000e+00	1.118881118881118880e-01	9.790209790209790375e-02	6.993006993006993001e-03	6.993006993006993001e-03	0.000000000000000000e+00	0.000000000000000000e+00	0.000000000000000000e+00	0.000000000000000000e+00	0.000000000000000000e+00	0.000000000000000000e+00	6.993006993006993001e-03	6.993006993006993001e-03	6.993006993006993001e-03	0.000000000000000000e+00	0.000000000000000000e+00	0.000000000000000000e+00	6.993006993006993001e-03
1.298701298701298787e-02	0.000000000000000000e+00	0.000000000000000000e+00	0.000000000000000000e+00	1.298701298701298787e-02	0.000000000000000000e+00	0.000000000000000000e+00	0.000000000000000000e+00	1.298701298701298787e-02	1.298701298701298787e-02	0.000000000000000000e+00	0.000000000000000000e+00	3.896103896103896014e-02	0.000000000000000000e+00	0.000000000000000000e+00	0.000000000000000000e+00	0.000000000000000000e+00	0.000000000000000000e+00	0.000000000000000000e+00	0.000000000000000000e+00	1.298701298701298787e-02	0.000000000000000000e+00	0.000000000000000000e+00	0.000000000000000000e+00	0.000000000000000000e+00	1.948051948051948146e-01	0.000000000000000000e+00	0.000000000000000000e+00	0.000000000000000000e+00	1.298701298701298787e-02	1.168831168831168943e-01	1.948051948051948146e-01	0.000000000000000000e+00	1.298701298701298787e-02	0.000000000000000000e+00	0.000000000000000000e+00	0.000000000000000000e+00	0.000000000000000000e+00	0.000000000000000000e+00	0.000000000000000000e+00	0.000000000000000000e+00	0.000000000000000000e+00	0.000000000000000000e+00	0.000000000000000000e+00	3.896103896103896014e-02	0.000000000000000000e+00	0.000000000000000000e+00	1.298701298701298787e-02	0.000000000000000000e+00	0.000000000000000000e+00	1.298701298701298787e-02	0.000000000000000000e+00	0.000000000000000000e+00	1.298701298701298787e-02	0.000000000000000000e+00	0.000000000000000000e+00	0.000000000000000000e+00	0.000000000000000000e+00	1.298701298701298856e-01	1.168831168831168943e-01	1.298701298701298787e-02	0.000000000000000000e+00	0.000000000000000000e+00	0.000000000000000000e+00	0.000000000000000000e+00	0.000000000000000000e+00	2.597402597402597574e-02	0.000000000000000000e+00	0.000000000000000000e+00	0.000000000000000000e+00	0.000000000000000000e+00	0.000000000000000000e+00	0.000000000000000000e+00	0.000000000000000000e+00	0.000000000000000000e+00
0.000000000000000000e+00	1.739130434782608717e-02	1.739130434782608717e-02	0.000000000000000000e+00	0.000000000000000000e+00	0.000000000000000000e+00	0.000000000000000000e+00	2.608695652173913249e-02	0.000000000000000000e+00	0.000000000000000000e+00	5.217391304347826497e-02	0.000000000000000000e+00	0.000000000000000000e+00	2.608695652173913249e-02	0.000000000000000000e+00	0.000000000000000000e+00	0.000000000000000000e+00	0.000000000000000000e+00	3.478260869565217434e-02	3.478260869565217434e-02	0.000000000000000000e+00	3.478260869565217434e-02	8.695652173913043584e-03	0.000000000000000000e+00	0.000000000000000000e+00	1.391304347826086973e-01	0.000000000000000000e+00	0.000000000000000000e+00	0.000000000000000000e+00	1.739130434782608717e-02	6.086956521739130682e-02	6.956521739130434867e-02	0.000000000000000000e+00	0.000000000000000000e+00	0.000000000000000000e+00	0.000000000000000000e+00	0.000000000000000000e+00	1.739130434782608717e-02	0.000000000000000000e+00	0.000000000000000000e+00	0.000000000000000000e+00	8.695652173913043584e-03	0.000000000000000000e+00	1.739130434782608717e-02	6.956521739130434867e-02	0.000000000000000000e+00	8.695652173913043584e-03	1.739130434782608717e-02	0.000000000000000000e+00	0.000000000000000000e+00	1.739130434782608717e-02	0.000000000000000000e+00	0.000000000000000000e+00	6.086956521739130682e-02	0.000000000000000000e+00	2.608695652173913249e-02	0.000000000000000000e+00	0.000000000000000000e+00	5.217391304347826497e-02	9.565217391304348116e-02	8.695652173913043584e-03	0.000000000000000000e+00	0.000000000000000000e+00	0.000000000000000000e+00	0.000000000000000000e+00	0.000000000000000000e+00	2.608695652173913249e-02	0.000000000000000000e+00	0.000000000000000000e+00	0.000000000000000000e+00	1.739130434782608717e-02	0.000000000000000000e+00	8.695652173913043584e-03	0.000000000000000000e+00	8.695652173913043584e-03
1.063829787234042527e-02	5.319148936170212637e-03	1.063829787234042527e-02	0.000000000000000000e+00	0.000000000000000000e+00	5.319148936170212637e-03	5.319148936170212637e-03	0.000000000000000000e+00	5.319148936170212637e-03	0.000000000000000000e+00	1.063829787234042527e-02	0.000000000000000000e+00	5.319148936170212637e-03	2.659574468085106405e-02	0.000000000000000000e+00	0.000000000000000000e+00	0.000000000000000000e+00	0.000000000000000000e+00	5.319148936170212637e-03	0.000000000000000000e+00	0.000000000000000000e+00	2.127659574468085055e-02	1.063829787234042527e-02	5.319148936170212637e-03	1.595744680851063704e-02	1.914893617021276584e-01	2.127659574468085055e-02	0.000000000000000000e+00	0.000000000000000000e+00	5.319148936170212637e-03	1.382978723404255372e-01	1.436170212765957299e-01	0.000000000000000000e+00	5.319148936170212637e-03	0.000000000000000000e+00	0.000000000000000000e+00	0.000000000000000000e+00	5.319148936170212637e-03	0.000000000000000000e+00	0.000000000000000000e+00	0.000000000000000000e+00	0.000000000000000000e+00	0.000000000000000000e+00	0.000000000000000000e+00	1.595744680851063704e-02	1.595744680851063704e-02	1.063829787234042527e-02	5.319148936170212637e-03	5.319148936170212637e-03	0.000000000000000000e+00	1.595744680851063704e-02	0.000000000000000000e+00	1.063829787234042527e-02	3.723404255319148759e-02	0.000000000000000000e+00	0.000000000000000000e+00	0.000000000000000000e+00	0.000000000000000000e+00	5.851063829787234161e-02	1.223404255319148898e-01	5.319148936170212637e-03	0.000000000000000000e+00	0.000000000000000000e+00	0.000000000000000000e+00	0.000000000000000000e+00	0.000000000000000000e+00	5.319148936170212637e-03	5.319148936170212637e-03	5.319148936170212637e-03	1.595744680851063704e-02	0.000000000000000000e+00	0.000000000000000000e+00	1.063829787234042527e-02	0.000000000000000000e+00	0.000000000000000000e+00
8.000000000000000167e-03	2.400000000000000050e-02	8.000000000000000167e-03	0.000000000000000000e+00	0.000000000000000000e+00	0.000000000000000000e+00	8.000000000000000167e-03	1.600000000000000033e-02	0.000000000000000000e+00	0.000000000000000000e+00	8.000000000000000167e-03	0.000000000000000000e+00	2.400000000000000050e-02	8.000000000000000167e-03	0.000000000000000000e+00	0.000000000000000000e+00	0.000000000000000000e+00	0.000000000000000000e+00	8.000000000000000167e-03	0.000000000000000000e+00	0.000000000000000000e+00	8.000000000000000167e-03	8.000000000000000167e-03	0.000000000000000000e+00	4.000000000000000083e-02	1.440000000000000169e-01	1.600000000000000033e-02	0.000000000000000000e+00	0.000000000000000000e+00	8.000000000000000167e-03	1.680000000000000104e-01	1.440000000000000169e-01	0.000000000000000000e+00	0.000000000000000000e+00	0.000000000000000000e+00	8.000000000000000167e-03	0.000000000000000000e+00	0.000000000000000000e+00	0.000000000000000000e+00	8.000000000000000167e-03	0.000000000000000000e+00	0.000000000000000000e+00	0.000000000000000000e+00	0.000000000000000000e+00	3.200000000000000067e-02	8.000000000000000167e-03	8.000000000000000167e-03	0.000000000000000000e+00	0.000000000000000000e+00	0.000000000000000000e+00	0.000000000000000000e+00	0.000000000000000000e+00	2.400000000000000050e-02	8.000000000000000167e-03	0.000000000000000000e+00	0.000000000000000000e+00	0.000000000000000000e+00	0.000000000000000000e+00	1.040000000000000091e-01	1.280000000000000027e-01	1.600000000000000033e-02	0.000000000000000000e+00	0.000000000000000000e+00	0.000000000000000000e+00	0.000000000000000000e+00	0.000000000000000000e+00	0.000000000000000000e+00	0.000000000000000000e+00	0.000000000000000000e+00	0.000000000000000000e+00	0.000000000000000000e+00	0.000000000000000000e+00	0.000000000000000000e+00	0.000000000000000000e+00	8.000000000000000167e-03
0.000000000000000000e+00	1.351351351351351426e-02	1.351351351351351426e-02	4.504504504504504465e-03	0.000000000000000000e+00	0.000000000000000000e+00	6.756756756756757132e-03	4.504504504504504465e-03	1.126126126126126073e-02	6.081081081081080725e-02	1.576576576576576433e-02	0.000000000000000000e+00	6.531531531531531432e-02	9.009009009009008931e-03	0.000000000000000000e+00	4.504504504504504465e-03	2.252252252252252233e-03	2.252252252252252146e-02	2.252252252252252233e-03	0.000000000000000000e+00	0.000000000000000000e+00	1.126126126126126073e-02	2.252252252252252233e-03	1.576576576576576433e-02	9.009009009009008931e-03	1.126126126126126142e-01	0.000000000000000000e+00	2.252252252252252233e-03	0.000000000000000000e+00	1.351351351351351426e-02	9.009009009009008584e-02	1.283783783783783716e-01	0.000000000000000000e+00	9.009009009009008931e-03	9.009009009009008931e-03	0.000000000000000000e+00	2.252252252252252233e-03	6.756756756756757132e-03	1.126126126126126073e-02	0.000000000000000000e+00	6.756756756756757132e-03	6.756756756756757132e-03	0.000000000000000000e+00	1.351351351351351426e-02	3.378378378378378566e-02	4.504504504504504465e-03	2.252252252252252233e-03	6.756756756756757132e-03	2.252252252252252233e-03	3.378378378378378566e-02	2.252252252252252233e-03	0.000000000000000000e+00	2.252252252252252233e-03	6.756756756756757132e-03	0.000000000000000000e+00	0.000000000000000000e+00	1.351351351351351426e-02	4.504504504504504465e-03	1.351351351351351426e-02	9.009009009009008584e-02	2.252252252252252233e-03	4.504504504504504465e-03	2.252252252252252233e-03	0.000000000000000000e+00	9.009009009009008931e-03	2.252252252252252233e-03	6.756756756756757132e-03	0.000000000000000000e+00	2.252252252252252233e-03	9.009009009009008931e-03	1.576576576576576433e-02	4.054054054054054279e-02	2.252252252252252233e-03	0.000000000000000000e+00	0.000000000000000000e+00
0.000000000000000000e+00	1.666666666666666644e-02	0.000000000000000000e+00	0.000000000000000000e+00	1.666666666666666644e-02	0.000000000000000000e+00	0.000000000000000000e+00	0.000000000000000000e+00	0.000000000000000000e+00	0.000000000000000000e+00	0.000000000000000000e+00	0.000000000000000000e+00	0.000000000000000000e+00	0.000000000000000000e+00	0.000000000000000000e+00	0.000000000000000000e+00	0.000000000000000000e+00	0.000000000000000000e+00	0.000000000000000000e+00	0.000000000000000000e+00	0.000000000000000000e+00	1.666666666666666644e-02	0.000000000000000000e+00	0.000000000000000000e+00	1.666666666666666644e-02	1.166666666666666685e-01	0.000000000000000000e+00	0.000000000000000000e+00	1.666666666666666644e-02	1.666666666666666644e-02	1.166666666666666685e-01	2.500000000000000000e-01	0.000000000000000000e+00	0.000000000000000000e+00	1.666666666666666644e-02	0.000000000000000000e+00	0.000000000000000000e+00	0.000000000000000000e+00	0.000000000000000000e+00	0.000000000000000000e+00	0.000000000000000000e+00	0.000000000000000000e+00	0.000000000000000000e+00	0.000000000000000000e+00	8.333333333333332871e-02	0.000000000000000000e+00	0.000000000000000000e+00	0.000000000000000000e+00	0.000000000000000000e+00	0.000000000000000000e+00	0.000000000000000000e+00	0.000000000000000000e+00	0.000000000000000000e+00	5.000000000000000278e-02	0.000000000000000000e+00	0.000000000000000000e+00	0.000000000000000000e+00	0.000000000000000000e+00	8.333333333333332871e-02	8.333333333333332871e-02	3.333333333333333287e-02	1.666666666666666644e-02	0.000000000000000000e+00	0.000000000000000000e+00	0.000000000000000000e+00	0.000000000000000000e+00	1.666666666666666644e-02	0.000000000000000000e+00	0.000000000000000000e+00	0.000000000000000000e+00	0.000000000000000000e+00	0.000000000000000000e+00	0.000000000000000000e+00	0.000000000000000000e+00	3.333333333333333287e-02
0.000000000000000000e+00	0.000000000000000000e+00	6.849315068493150305e-03	2.054794520547945091e-02	0.000000000000000000e+00	0.000000000000000000e+00	0.000000000000000000e+00	0.000000000000000000e+00	0.000000000000000000e+00	0.000000000000000000e+00	2.054794520547945091e-02	0.000000000000000000e+00	0.000000000000000000e+00	0.000000000000000000e+00	0.000000000000000000e+00	6.849315068493150305e-03	0.000000000000000000e+00	0.000000000000000000e+00	0.000000000000000000e+00	0.000000000000000000e+00	2.739726027397260122e-02	1.369863013698630061e-02	0.000000000000000000e+00	0.000000000000000000e+00	2.054794520547945091e-02	7.534246575342465335e-02	0.000000000000000000e+00	0.000000000000000000e+00	0.000000000000000000e+00	1.369863013698630061e-02	8.219178082191780366e-02	1.027397260273972546e-01	6.849315068493150305e-03	6.849315068493150305e-03	0.000000000000000000e+00	1.369863013698630061e-02	0.000000000000000000e+00	2.054794520547945091e-02	0.000000000000000000e+00	0.000000000000000000e+00	0.000000000000000000e+00	0.000000000000000000e+00	6.849315068493150305e-03	0.000000000000000000e+00	4.794520547945205213e-02	2.054794520547945091e-02	3.424657534246575152e-02	0.000000000000000000e+00	6.849315068493150305e-03	0.000000000000000000e+00	0.000000000000000000e+00	6.849315068493150305e-03	3.424657534246575152e-02	6.849315068493150305e-02	0.000000000000000000e+00	0.000000000000000000e+00	0.000000000000000000e+00	0.000000000000000000e+00	7.534246575342465335e-02	1.849315068493150582e-01	0.000000000000000000e+00	1.369863013698630061e-02	0.000000000000000000e+00	4.109589041095890183e-02	0.000000000000000000e+00	0.000000000000000000e+00	0.000000000000000000e+00	0.000000000000000000e+00	0.000000000000000000e+00	0.000000000000000000e+00	0.000000000000000000e+00	0.000000000000000000e+00	0.000000000000000000e+00	0.000000000000000000e+00	2.054794520547945091e-02
0.000000000000000000e+00	1.063829787234042527e-02	0.000000000000000000e+00	0.000000000000000000e+00	0.000000000000000000e+00	0.000000000000000000e+00	0.000000000000000000e+00	1.063829787234042527e-02	0.000000000000000000e+00	2.127659574468085055e-02	1.063829787234042527e-02	0.000000000000000000e+00	2.127659574468085055e-02	1.063829787234042527e-02	0.000000000000000000e+00	0.000000000000000000e+00	0.000000000000000000e+00	0.000000000000000000e+00	0.000000000000000000e+00	0.000000000000000000e+00	1.063829787234042527e-02	3.191489361702127409e-02	1.063829787234042527e-02	0.000000000000000000e+00	0.000000000000000000e+00	1.276595744680850963e-01	0.000000000000000000e+00	0.000000000000000000e+00	0.000000000000000000e+00	0.000000000000000000e+00	1.170212765957446832e-01	2.127659574468085124e-01	0.000000000000000000e+00	0.000000000000000000e+00	0.000000000000000000e+00	0.000000000000000000e+00	0.000000000000000000e+00	1.063829787234042527e-02	4.255319148936170109e-02	0.000000000000000000e+00	0.000000000000000000e+00	0.000000000000000000e+00	0.000000000000000000e+00	3.191489361702127409e-02	6.382978723404254817e-02	0.000000000000000000e+00	0.000000000000000000e+00	0.000000000000000000e+00	0.000000000000000000e+00	0.000000000000000000e+00	0.000000000000000000e+00	0.000000000000000000e+00	0.000000000000000000e+00	4.255319148936170109e-02	0.000000000000000000e+00	0.000000000000000000e+00	0.000000000000000000e+00	0.000000000000000000e+00	7.446808510638297518e-02	1.276595744680850963e-01	0.000000000000000000e+00	0.000000000000000000e+00	0.000000000000000000e+00	0.000000000000000000e+00	0.000000000000000000e+00	0.000000000000000000e+00	0.000000000000000000e+00	0.000000000000000000e+00	0.000000000000000000e+00	0.000000000000000000e+00	0.000000000000000000e+00	0.000000000000000000e+00	1.063829787234042527e-02	0.000000000000000000e+00	0.000000000000000000e+00
0.000000000000000000e+00	0.000000000000000000e+00	9.345794392523363789e-03	9.345794392523363789e-03	0.000000000000000000e+00	0.000000000000000000e+00	0.000000000000000000e+00	1.869158878504672758e-02	0.000000000000000000e+00	1.869158878504672758e-02	9.345794392523363789e-03	0.000000000000000000e+00	3.738317757009345516e-02	1.869158878504672758e-02	0.000000000000000000e+00	9.345794392523363789e-03	0.000000000000000000e+00	1.869158878504672758e-02	0.000000000000000000e+00	0.000000000000000000e+00	0.000000000000000000e+00	0.000000000000000000e+00	1.869158878504672758e-02	0.000000000000000000e+00	0.000000000000000000e+00	1.588785046728971861e-01	0.000000000000000000e+00	0.000000000000000000e+00	0.000000000000000000e+00	0.000000000000000000e+00	1.028037383177570069e-01	1.308411214953270896e-01	0.000000000000000000e+00	9.345794392523363789e-03	0.000000000000000000e+00	9.345794392523363789e-03	0.000000000000000000e+00	1.869158878504672758e-02	9.345794392523363789e-03	0.000000000000000000e+00	9.345794392523363789e-03	3.738317757009345516e-02	9.345794392523363789e-03	1.869158878504672758e-02	3.738317757009345516e-02	0.000000000000000000e+00	3.738317757009345516e-02	0.000000000000000000e+00	0.000000000000000000e+00	9.345794392523363789e-03	0.000000000000000000e+00	1.869158878504672758e-02	1.869158878504672758e-02	4.672897196261682068e-02	0.000000000000000000e+00	0.000000000000000000e+00	0.000000000000000000e+00	0.000000000000000000e+00	1.869158878504672758e-02	9.345794392523364136e-02	0.000000000000000000e+00	0.000000000000000000e+00	0.000000000000000000e+00	0.000000000000000000e+00	0.000000000000000000e+00	0.000000000000000000e+00	0.000000000000000000e+00	0.000000000000000000e+00	9.345794392523363789e-03	9.345794392523363789e-03	0.000000000000000000e+00	1.869158878504672758e-02	0.000000000000000000e+00	0.000000000000000000e+00	0.000000000000000000e+00
0.000000000000000000e+00	4.464285714285714038e-03	8.928571428571428076e-03	4.464285714285714038e-03	0.000000000000000000e+00	8.928571428571428076e-03	8.928571428571428076e-03	0.000000000000000000e+00	4.464285714285714038e-03	2.232142857142856845e-02	1.339285714285714211e-02	0.000000000000000000e+00	4.017857142857142461e-02	2.232142857142856845e-02	4.464285714285714038e-03	0.000000000000000000e+00	4.464285714285714038e-03	1.339285714285714211e-02	0.000000000000000000e+00	2.232142857142856845e-02	4.464285714285714038e-03	8.928571428571428076e-03	1.339285714285714211e-02	8.928571428571428076e-03	0.000000000000000000e+00	9.375000000000000000e-02	0.000000000000000000e+00	2.678571428571428423e-02	0.000000000000000000e+00	4.464285714285714038e-03	8.035714285714284921e-02	1.116071428571428492e-01	0.000000000000000000e+00	2.232142857142856845e-02	0.000000000000000000e+00	4.464285714285714038e-03	0.000000000000000000e+00	4.464285714285714038e-03	0.000000000000000000e+00	0.000000000000000000e+00	0.000000000000000000e+00	3.571428571428571230e-02	0.000000000000000000e+00	1.785714285714285615e-02	6.696428571428571230e-02	4.464285714285714038e-03	4.464285714285714038e-03	8.928571428571428076e-03	0.000000000000000000e+00	1.785714285714285615e-02	0.000000000000000000e+00	0.000000000000000000e+00	8.928571428571428076e-03	2.232142857142856845e-02	0.000000000000000000e+00	0.000000000000000000e+00	0.000000000000000000e+00	0.000000000000000000e+00	5.357142857142856845e-02	1.160714285714285615e-01	0.000000000000000000e+00	0.000000000000000000e+00	4.464285714285714038e-03	8.928571428571428076e-03	0.000000000000000000e+00	8.928571428571428076e-03	3.125000000000000000e-02	0.000000000000000000e+00	0.000000000000000000e+00	1.339285714285714211e-02	0.000000000000000000e+00	4.464285714285714038e-03	4.464285714285714038e-03	0.000000000000000000e+00	0.000000000000000000e+00
2.380952380952380820e-02	1.190476190476190410e-02	1.190476190476190410e-02	0.000000000000000000e+00	0.000000000000000000e+00	0.000000000000000000e+00	2.380952380952380820e-02	0.000000000000000000e+00	0.000000000000000000e+00	0.000000000000000000e+00	1.190476190476190410e-02	0.000000000000000000e+00	1.190476190476190410e-02	0.000000000000000000e+00	0.000000000000000000e+00	0.000000000000000000e+00	0.000000000000000000e+00	0.000000000000000000e+00	1.190476190476190410e-02	0.000000000000000000e+00	0.000000000000000000e+00	0.000000000000000000e+00	1.190476190476190410e-02	0.000000000000000000e+00	0.000000000000000000e+00	1.428571428571428492e-01	0.000000000000000000e+00	0.000000000000000000e+00	0.000000000000000000e+00	0.000000000000000000e+00	1.190476190476190410e-01	1.190476190476190410e-01	2.380952380952380820e-02	2.380952380952380820e-02	2.380952380952380820e-02	0.000000000000000000e+00	1.190476190476190410e-02	1.190476190476190410e-02	1.190476190476190410e-02	1.190476190476190410e-02	1.190476190476190410e-02	0.000000000000000000e+00	0.000000000000000000e+00	2.380952380952380820e-02	2.380952380952380820e-02	0.000000000000000000e+00	1.190476190476190410e-02	0.000000000000000000e+00	0.000000000000000000e+00	0.000000000000000000e+00	2.380952380952380820e-02	1.190476190476190410e-02	0.000000000000000000e+00	1.190476190476190410e-02	0.000000000000000000e+00	0.000000000000000000e+00	0.000000000000000000e+00	0.000000000000000000e+00	7.142857142857142461e-02	1.309523809523809312e-01	0.000000000000000000e+00	0.000000000000000000e+00	0.000000000000000000e+00	1.190476190476190410e-02	1.190476190476190410e-02	0.000000000000000000e+00	0.000000000000000000e+00	1.190476190476190410e-02	0.000000000000000000e+00	2.380952380952380820e-02	0.000000000000000000e+00	0.000000000000000000e+00	0.000000000000000000e+00	0.000000000000000000e+00	0.000000000000000000e+00
0.000000000000000000e+00	0.000000000000000000e+00	2.970297029702970160e-02	9.900990099009901110e-03	0.000000000000000000e+00	0.000000000000000000e+00	9.900990099009901110e-03	0.000000000000000000e+00	0.000000000000000000e+00	3.960396039603960444e-02	2.970297029702970160e-02	0.000000000000000000e+00	3.960396039603960444e-02	0.000000000000000000e+00	0.000000000000000000e+00	0.000000000000000000e+00	0.000000000000000000e+00	4.950495049504950729e-02	0.000000000000000000e+00	0.000000000000000000e+00	0.000000000000000000e+00	1.980198019801980222e-02	0.000000000000000000e+00	9.900990099009901110e-03	0.000000000000000000e+00	9.900990099009901457e-02	0.000000000000000000e+00	0.000000000000000000e+00	0.000000000000000000e+00	0.000000000000000000e+00	1.287128712871287162e-01	9.900990099009901457e-02	0.000000000000000000e+00	9.900990099009901110e-03	0.000000000000000000e+00	9.900990099009901110e-03	9.900990099009901110e-03	0.000000000000000000e+00	9.900990099009901110e-03	0.000000000000000000e+00	9.900990099009901110e-03	9.900990099009901110e-03	9.900990099009901110e-03	0.000000000000000000e+00	1.980198019801980222e-02	0.000000000000000000e+00	1.980198019801980222e-02	0.000000000000000000e+00	0.000000000000000000e+00	0.000000000000000000e+00	9.900990099009901110e-03	0.000000000000000000e+00	9.900990099009901110e-03	4.950495049504950729e-02	1.980198019801980222e-02	9.900990099009901110e-03	0.000000000000000000e+00	0.000000000000000000e+00	9.900990099009901110e-03	1.584158415841584178e-01	0.000000000000000000e+00	0.000000000000000000e+00	9.900990099009901110e-03	0.000000000000000000e+00	9.900990099009901110e-03	0.000000000000000000e+00	0.000000000000000000e+00	0.000000000000000000e+00	0.000000000000000000e+00	9.900990099009901110e-03	0.000000000000000000e+00	0.000000000000000000e+00	0.000000000000000000e+00	2.970297029702970160e-02	0.000000000000000000e+00
